vehicle_id,dataset_release,dataset_scope,make,model,model_year,vehicle_class,vehicle_class_group,vehicle_size_group,fuel_type,fuel_type_code_rncan,fuel_type_code_rncan_2,powertrain_group,engine_size_l,cylinders,motor_kw,transmission,transmission_type,transmission_gears,drive_type,drive_type_origin,body_type,body_type_origin,city_l_per_100km,highway_l_per_100km,combined_l_per_100km,combined_mpg_source,combined_mpg,combined_mpg_origin,city_kwh_per_100km,highway_kwh_per_100km,combined_kwh_per_100km,blended_l_per_100km,city_le_per_100km,highway_le_per_100km,combined_le_per_100km,electric_range_km,secondary_range_km,recharge_time_h,co2_g_per_km,co2_rating,smog_rating,number_registered_qc,registration_count_grain,region_qc,saaq_snapshot_year,saaq_class_code,saaq_vehicle_type_code,saaq_make_code,saaq_model_code,saaq_fuel_code,saaq_mass_net_kg_mean,saaq_mass_net_kg_min,saaq_mass_net_kg_max,saaq_group_count,saaq_group_id,join_method,join_quality,join_candidate_count,qc_presence_status,source_saaq,source_rncan,source_other,rncan_source_family,rncan_source_id,rncan_resource_id,rncan_source_row_id,make_key,model_key,data_quality_flag,notes,model_year_era,pedagogical_powertrain,small_sample_rule
vq_000879acf3e6150c275a334b,1.0.0,canadian_market_specification_with_quebec_linkage_status,BMW,335i Coupe,2012,Sous-compacte,passenger_car,subcompact,premium_gasoline,Z,,gasoline,3,6,,M6,manual,6,,,,unknown_core_sources,12.7,8.6,10.8,26,26,observed_rncan,,,,,,,,,,,248,,,,,,,,,,,,,,,,,not_attempted_no_verified_crosswalk_or_no_saaq_data,not_matched,,unconfirmed,,https://open.canada.ca/data/en/dataset/98f1a129-f628-4ce4-b24d-6f16bf24dd64/resource/67a7f9ee-9c47-43a6-ab06-5e7242e12638,,rncan_standard,rncan_fcr_1995_2014_en,67a7f9ee-9c47-43a6-ab06-5e7242e12638,39841,BMW,335I COUPE,quebec_presence_unconfirmed;join_not_unique_or_absent,Spécification RNCan réelle; présence ou nombre d'immatriculations au Québec non confirmé au niveau de cette configuration.,2005_2014,gasoline,phase=coverage_greedy;criteria=class_powertrain_era_requirements;confirmed_qc_tiebreak=TRUE;stable_vehicle_id_tiebreak=TRUE;target_n=64;manual_vehicle_selection=FALSE
vq_000c95f23c35c5041af810cd,1.0.0,canadian_market_specification_with_quebec_linkage_status,Tesla,Model Y Long Range AWD (Import),2024,Véhicule utilitaire sport : petit,suv,small,electricity,B,,BEV,,,266,A1,automatic,1,AWD,derived_from_explicit_model_token,,unknown_core_sources,,,,,,unknown,17,18.8,17.8,,1.9,2.1,2,496,,10,0,10,10,,,,,,,,,,,,,,,not_attempted_no_verified_crosswalk_or_no_saaq_data,not_matched,,unconfirmed,,https://open.canada.ca/data/en/dataset/98f1a129-f628-4ce4-b24d-6f16bf24dd64/resource/0b0f5a42-b00b-4b6a-9185-4d4de1424801,,rncan_bev,rncan_bev_2012_2026_en,0b0f5a42-b00b-4b6a-9185-4d4de1424801,44641,TESLA,MODEL Y LONG RANGE AWD IMPORT,quebec_presence_unconfirmed;join_not_unique_or_absent,Spécification RNCan réelle; présence ou nombre d'immatriculations au Québec non confirmé au niveau de cette configuration.,2023_plus,BEV,phase=coverage_greedy;criteria=class_powertrain_era_requirements;confirmed_qc_tiebreak=TRUE;stable_vehicle_id_tiebreak=TRUE;target_n=64;manual_vehicle_selection=FALSE
vq_0278c3ea5a6df08d418060d6,1.0.0,canadian_market_specification_with_quebec_linkage_status,GMC,C1500 Sierra Hybrid,2005,Camionnette : ordinaire,pickup,standard,regular_gasoline,X,,HEV_text_derived,5.3,8,,A4,automatic,4,,,,unknown_core_sources,14.8,12.2,13.6,21,21,observed_rncan,,,,,,,,,,,313,,,,,,,,,,,,,,,,,not_attempted_no_verified_crosswalk_or_no_saaq_data,not_matched,,unconfirmed,,https://open.canada.ca/data/en/dataset/98f1a129-f628-4ce4-b24d-6f16bf24dd64/resource/67a7f9ee-9c47-43a6-ab06-5e7242e12638,,rncan_standard,rncan_fcr_1995_2014_en,67a7f9ee-9c47-43a6-ab06-5e7242e12638,32844,GMC,C1500 SIERRA HYBRID,quebec_presence_unconfirmed;join_not_unique_or_absent,Spécification RNCan réelle; présence ou nombre d'immatriculations au Québec non confirmé au niveau de cette configuration.,2005_2014,HEV_text_derived,phase=coverage_greedy;criteria=class_powertrain_era_requirements;confirmed_qc_tiebreak=TRUE;stable_vehicle_id_tiebreak=TRUE;target_n=64;manual_vehicle_selection=FALSE
vq_47c395b47a6482687d39c8f5,1.0.0,canadian_market_specification_with_quebec_linkage_status,Kia,Niro Plug-in Hybrid,2022,Station wagon: Small,wagon,small,plug_in_hybrid,B X,X,PHEV,1.6,4,45,AM6,automated_manual,6,,,,unknown_core_sources,4.9,5.3,5.1,,55.388235294117656,derived_282.48_divided_by_combined_l_per_100km,,,19.7,0,,,2.2,42,853,2.25,56,10,7,,,,,,,,,,,,,,,not_attempted_no_verified_crosswalk_or_no_saaq_data,not_matched,,unconfirmed,,https://open.canada.ca/data/en/dataset/98f1a129-f628-4ce4-b24d-6f16bf24dd64/resource/8812228b-a6aa-4303-b3d0-66489225120d,,rncan_phev,rncan_phev_2012_2026_en,8812228b-a6aa-4303-b3d0-66489225120d,6877,KIA,NIRO PLUG IN HYBRID,quebec_presence_unconfirmed;join_not_unique_or_absent,Spécification RNCan réelle; présence ou nombre d'immatriculations au Québec non confirmé au niveau de cette configuration.,2019_2022,PHEV,phase=stratified_round_robin_fill;strata=vehicle_class_powertrain_era;confirmed_qc_within_stratum_first=TRUE;stable_hash_order=TRUE;target_n=64;manual_vehicle_selection=FALSE
vq_00369c9939a5769e2e9f2851,1.0.0,canadian_market_specification_with_quebec_linkage_status,Ford,F-150 4X4,2023,Pickup truck: Standard,pickup,standard,regular_gasoline,X,,gasoline,2.7,6,,AS10,automatic_select_shift,10,4X4,derived_from_explicit_model_token,,unknown_core_sources,12.8,10,11.5,25,25,observed_rncan,,,,,,,,,,,271,4,6,,,,,,,,,,,,,,,not_attempted_no_verified_crosswalk_or_no_saaq_data,not_matched,,unconfirmed,,https://open.canada.ca/data/en/dataset/98f1a129-f628-4ce4-b24d-6f16bf24dd64/resource/c98b9dc8-b23f-4cd8-8b19-e892da1e4688,,rncan_standard,rncan_fcr_2015_2024_en,c98b9dc8-b23f-4cd8-8b19-e892da1e4688,18712,FORD,F 150 4X4,quebec_presence_unconfirmed;join_not_unique_or_absent,Spécification RNCan réelle; présence ou nombre d'immatriculations au Québec non confirmé au niveau de cette configuration.,2023_plus,gasoline,phase=stratified_round_robin_fill;strata=vehicle_class_powertrain_era;confirmed_qc_within_stratum_first=TRUE;stable_hash_order=TRUE;target_n=64;manual_vehicle_selection=FALSE
vq_00884d809ea0ac5ebf581fea,1.0.0,canadian_market_specification_with_quebec_linkage_status,Chevrolet,G15/25 Express Cargo,2003,Fourgon : cargaison,van,,regular_gasoline,X,,gasoline,5.3,8,,A4,automatic,4,,,,unknown_core_sources,19,14.9,17.2,16,16,observed_rncan,,,,,,,,,,,396,,,,,,,,,,,,,,,,,not_attempted_no_verified_crosswalk_or_no_saaq_data,not_matched,,unconfirmed,,https://open.canada.ca/data/en/dataset/98f1a129-f628-4ce4-b24d-6f16bf24dd64/resource/67a7f9ee-9c47-43a6-ab06-5e7242e12638,,rncan_standard,rncan_fcr_1995_2014_en,67a7f9ee-9c47-43a6-ab06-5e7242e12638,30860,CHEVROLET,G15 25 EXPRESS CARGO,quebec_presence_unconfirmed;join_not_unique_or_absent,Spécification RNCan réelle; présence ou nombre d'immatriculations au Québec non confirmé au niveau de cette configuration.,1995_2004,gasoline,phase=stratified_round_robin_fill;strata=vehicle_class_powertrain_era;confirmed_qc_within_stratum_first=TRUE;stable_hash_order=TRUE;target_n=64;manual_vehicle_selection=FALSE
vq_0018d79927c93f2da64709db,1.0.0,canadian_market_specification_with_quebec_linkage_status,Volkswagen,Passat Wagon,2001,Familiale : intermédiaire,wagon,mid_size,premium_gasoline,Z,,gasoline,1.8,4,,M5,manual,5,,,,unknown_core_sources,11.9,8.3,10.3,27,27,observed_rncan,,,,,,,,,,,237,,,,,,,,,,,,,,,,,not_attempted_no_verified_crosswalk_or_no_saaq_data,not_matched,,unconfirmed,,https://open.canada.ca/data/en/dataset/98f1a129-f628-4ce4-b24d-6f16bf24dd64/resource/67a7f9ee-9c47-43a6-ab06-5e7242e12638,,rncan_standard,rncan_fcr_1995_2014_en,67a7f9ee-9c47-43a6-ab06-5e7242e12638,29952,VOLKSWAGEN,PASSAT WAGON,quebec_presence_unconfirmed;join_not_unique_or_absent,Spécification RNCan réelle; présence ou nombre d'immatriculations au Québec non confirmé au niveau de cette configuration.,1995_2004,gasoline,phase=stratified_round_robin_fill;strata=vehicle_class_powertrain_era;confirmed_qc_within_stratum_first=TRUE;stable_hash_order=TRUE;target_n=64;manual_vehicle_selection=FALSE
vq_02849fa5af6c003db0ab43a3,1.0.0,canadian_market_specification_with_quebec_linkage_status,Ram,1500 Classic 4X4 FFV,2019,Pickup truck: Standard,pickup,standard,e85,E,,flex_fuel_e85,3.6,6,,A8,automatic,8,4X4,derived_from_explicit_model_token,,unknown_core_sources,20.7,14.7,18,16,16,observed_rncan,,,,,,,,,,,300,3,3,,,,,,,,,,,,,,,not_attempted_no_verified_crosswalk_or_no_saaq_data,not_matched,,unconfirmed,,https://open.canada.ca/data/en/dataset/98f1a129-f628-4ce4-b24d-6f16bf24dd64/resource/c98b9dc8-b23f-4cd8-8b19-e892da1e4688,,rncan_standard,rncan_fcr_2015_2024_en,c98b9dc8-b23f-4cd8-8b19-e892da1e4688,15377,RAM,1500 CLASSIC 4X4 FFV,quebec_presence_unconfirmed;join_not_unique_or_absent,Spécification RNCan réelle; présence ou nombre d'immatriculations au Québec non confirmé au niveau de cette configuration.,2019_2022,other,phase=stratified_round_robin_fill;strata=vehicle_class_powertrain_era;confirmed_qc_within_stratum_first=TRUE;stable_hash_order=TRUE;target_n=64;manual_vehicle_selection=FALSE
vq_00fa88c50a03a001c458fc05,1.0.0,canadian_market_specification_with_quebec_linkage_status,Lucid,"Air Pure (19"" Wheels)",2024,Grande berline,passenger_car,full_size,electricity,B,,BEV,,,330,A1,automatic,1,,,,unknown_core_sources,,,,,,unknown,14.9,15.7,15.3,,1.7,1.8,1.7,674,,10,0,10,10,,,,,,,,,,,,,,,not_attempted_no_verified_crosswalk_or_no_saaq_data,not_matched,,unconfirmed,,https://open.canada.ca/data/en/dataset/98f1a129-f628-4ce4-b24d-6f16bf24dd64/resource/0b0f5a42-b00b-4b6a-9185-4d4de1424801,,rncan_bev,rncan_bev_2012_2026_en,0b0f5a42-b00b-4b6a-9185-4d4de1424801,44545,LUCID,AIR PURE 19 WHEELS,quebec_presence_unconfirmed;join_not_unique_or_absent,Spécification RNCan réelle; présence ou nombre d'immatriculations au Québec non confirmé au niveau de cette configuration.,2023_plus,BEV,phase=stratified_round_robin_fill;strata=vehicle_class_powertrain_era;confirmed_qc_within_stratum_first=TRUE;stable_hash_order=TRUE;target_n=64;manual_vehicle_selection=FALSE
vq_00b47e61301d4e05f2dcc5c1,1.0.0,canadian_market_specification_with_quebec_linkage_status,Chevrolet,Express 3500 Passenger,2015,Van: Passenger,van,,regular_gasoline,X,,gasoline,6,8,,A6,automatic,6,,,,unknown_core_sources,22.2,15.1,19,15,15,observed_rncan,,,,,,,,,,,437,,,,,,,,,,,,,,,,,not_attempted_no_verified_crosswalk_or_no_saaq_data,not_matched,,unconfirmed,,https://open.canada.ca/data/en/dataset/98f1a129-f628-4ce4-b24d-6f16bf24dd64/resource/c98b9dc8-b23f-4cd8-8b19-e892da1e4688,,rncan_standard,rncan_fcr_2015_2024_en,c98b9dc8-b23f-4cd8-8b19-e892da1e4688,10317,CHEVROLET,EXPRESS 3500 PASSENGER,quebec_presence_unconfirmed;join_not_unique_or_absent,Spécification RNCan réelle; présence ou nombre d'immatriculations au Québec non confirmé au niveau de cette configuration.,2015_2018,gasoline,phase=stratified_round_robin_fill;strata=vehicle_class_powertrain_era;confirmed_qc_within_stratum_first=TRUE;stable_hash_order=TRUE;target_n=64;manual_vehicle_selection=FALSE
vq_271c96cc1e07f871057830b2,1.0.0,canadian_market_specification_with_quebec_linkage_status,Volkswagen,ID. Buzz Pro 4MOTION,2025,Fourgonnette,van,,electricity,B,,BEV,,,250,A1,automatic,1,,,,unknown_core_sources,,,,,,unknown,24.2,28.4,26.1,,2.7,3.2,2.9,372,,9,0,10,10,,,,,,,,,,,,,,,not_attempted_no_verified_crosswalk_or_no_saaq_data,not_matched,,unconfirmed,,https://open.canada.ca/data/en/dataset/98f1a129-f628-4ce4-b24d-6f16bf24dd64/resource/0b0f5a42-b00b-4b6a-9185-4d4de1424801,,rncan_bev,rncan_bev_2012_2026_en,0b0f5a42-b00b-4b6a-9185-4d4de1424801,44928,VOLKSWAGEN,ID BUZZ PRO 4MOTION,quebec_presence_unconfirmed;join_not_unique_or_absent,Spécification RNCan réelle; présence ou nombre d'immatriculations au Québec non confirmé au niveau de cette configuration.,2023_plus,BEV,phase=stratified_round_robin_fill;strata=vehicle_class_powertrain_era;confirmed_qc_within_stratum_first=TRUE;stable_hash_order=TRUE;target_n=64;manual_vehicle_selection=FALSE
vq_0099bf48c49dc63a4140a075,1.0.0,canadian_market_specification_with_quebec_linkage_status,Lincoln,Nautilus Hybrid AWD,2026,Sport utility vehicle: Small,suv,small,regular_gasoline,X,,HEV_text_derived,2,4,,AV,continuously_variable,,AWD,derived_from_explicit_model_token,,unknown_core_sources,8.2,7.5,7.9,36,36,observed_rncan,,,,,,,,,,,183,6,5,,,,,,,,,,,,,,,not_attempted_no_verified_crosswalk_or_no_saaq_data,not_matched,,unconfirmed,,https://open.canada.ca/data/en/dataset/98f1a129-f628-4ce4-b24d-6f16bf24dd64/resource/9df1b18d-d036-4783-a61c-99f1f75b3ac5,,rncan_standard,rncan_fcr_2026_en,9df1b18d-d036-4783-a61c-99f1f75b3ac5,2153,LINCOLN,NAUTILUS HYBRID AWD,quebec_presence_unconfirmed;join_not_unique_or_absent,Spécification RNCan réelle; présence ou nombre d'immatriculations au Québec non confirmé au niveau de cette configuration.,2023_plus,HEV_text_derived,phase=stratified_round_robin_fill;strata=vehicle_class_powertrain_era;confirmed_qc_within_stratum_first=TRUE;stable_hash_order=TRUE;target_n=64;manual_vehicle_selection=FALSE
vq_04eba74e2eb669c236d1c815,1.0.0,canadian_market_specification_with_quebec_linkage_status,Toyota,Sienna AWD,2025,Minivan,van,,regular_gasoline,X,,gasoline,2.5,4,,AV,continuously_variable,,AWD,derived_from_explicit_model_token,,unknown_core_sources,6.8,6.7,6.8,42,42,observed_rncan,,,,,,,,,,,158,7,6,,,,,,,,,,,,,,,not_attempted_no_verified_crosswalk_or_no_saaq_data,not_matched,,unconfirmed,,https://open.canada.ca/data/en/dataset/98f1a129-f628-4ce4-b24d-6f16bf24dd64/resource/d589f2bc-9a85-4f65-be2f-20f17debfcb1,,rncan_standard,rncan_fcr_2025_en,d589f2bc-9a85-4f65-be2f-20f17debfcb1,14272,TOYOTA,SIENNA AWD,quebec_presence_unconfirmed;join_not_unique_or_absent,Spécification RNCan réelle; présence ou nombre d'immatriculations au Québec non confirmé au niveau de cette configuration.,2023_plus,gasoline,phase=stratified_round_robin_fill;strata=vehicle_class_powertrain_era;confirmed_qc_within_stratum_first=TRUE;stable_hash_order=TRUE;target_n=64;manual_vehicle_selection=FALSE
vq_03496d75d218f76e07256621,1.0.0,canadian_market_specification_with_quebec_linkage_status,GMC,Sierra Denali AWD,2013,Camionnette : ordinaire,pickup,standard,e85,E,,flex_fuel_e85,6.2,8,,A6,automatic,6,AWD,derived_from_explicit_model_token,,unknown_core_sources,26.3,17.4,22.3,13,13,observed_rncan,,,,,,,,,,,357,,,,,,,,,,,,,,,,,not_attempted_no_verified_crosswalk_or_no_saaq_data,not_matched,,unconfirmed,,https://open.canada.ca/data/en/dataset/98f1a129-f628-4ce4-b24d-6f16bf24dd64/resource/67a7f9ee-9c47-43a6-ab06-5e7242e12638,,rncan_standard,rncan_fcr_1995_2014_en,67a7f9ee-9c47-43a6-ab06-5e7242e12638,41330,GMC,SIERRA DENALI AWD,quebec_presence_unconfirmed;join_not_unique_or_absent,Spécification RNCan réelle; présence ou nombre d'immatriculations au Québec non confirmé au niveau de cette configuration.,2005_2014,other,phase=stratified_round_robin_fill;strata=vehicle_class_powertrain_era;confirmed_qc_within_stratum_first=TRUE;stable_hash_order=TRUE;target_n=64;manual_vehicle_selection=FALSE
vq_01b1782d1df1582223af5a5b,1.0.0,canadian_market_specification_with_quebec_linkage_status,Tesla,Model X Long Range Plus,2021,Véhicule utilitaire sport : ordinaire,suv,standard,electricity,B,,BEV,,,398,A1,automatic,1,,,,unknown_core_sources,,,,,,unknown,19.3,20.7,19.9,,2.2,2.3,2.2,597,,12,0,10,10,,,,,,,,,,,,,,,not_attempted_no_verified_crosswalk_or_no_saaq_data,not_matched,,unconfirmed,,https://open.canada.ca/data/en/dataset/98f1a129-f628-4ce4-b24d-6f16bf24dd64/resource/0b0f5a42-b00b-4b6a-9185-4d4de1424801,,rncan_bev,rncan_bev_2012_2026_en,0b0f5a42-b00b-4b6a-9185-4d4de1424801,44187,TESLA,MODEL X LONG RANGE PLUS,quebec_presence_unconfirmed;join_not_unique_or_absent,Spécification RNCan réelle; présence ou nombre d'immatriculations au Québec non confirmé au niveau de cette configuration.,2019_2022,BEV,phase=stratified_round_robin_fill;strata=vehicle_class_powertrain_era;confirmed_qc_within_stratum_first=TRUE;stable_hash_order=TRUE;target_n=64;manual_vehicle_selection=FALSE
vq_01f6f55ab4f03c90a87f8395,1.0.0,canadian_market_specification_with_quebec_linkage_status,Chevrolet,Bolt EV,2017,Familiale : petite,wagon,small,electricity,B,,BEV,,,150,A1,automatic,1,,,,unknown_core_sources,,,,,,unknown,16.4,19,17.6,,1.8,2.1,2,383,,9.3,0,10,10,,,,,,,,,,,,,,,not_attempted_no_verified_crosswalk_or_no_saaq_data,not_matched,,unconfirmed,,https://open.canada.ca/data/en/dataset/98f1a129-f628-4ce4-b24d-6f16bf24dd64/resource/0b0f5a42-b00b-4b6a-9185-4d4de1424801,,rncan_bev,rncan_bev_2012_2026_en,0b0f5a42-b00b-4b6a-9185-4d4de1424801,44030,CHEVROLET,BOLT EV,quebec_presence_unconfirmed;join_not_unique_or_absent,Spécification RNCan réelle; présence ou nombre d'immatriculations au Québec non confirmé au niveau de cette configuration.,2015_2018,BEV,phase=stratified_round_robin_fill;strata=vehicle_class_powertrain_era;confirmed_qc_within_stratum_first=TRUE;stable_hash_order=TRUE;target_n=64;manual_vehicle_selection=FALSE
vq_00646063eed85b27be3e9c18,1.0.0,canadian_market_specification_with_quebec_linkage_status,Porsche,Taycan Turbo S Cross Turismo,2021,Intermédiaire,passenger_car,mid_size,electricity,B,,BEV,,,460,A2,automatic,2,,,,unknown_core_sources,,,,,,unknown,28.5,28.7,28.6,,3.2,3.2,3.2,325,,10.5,0,10,10,,,,,,,,,,,,,,,not_attempted_no_verified_crosswalk_or_no_saaq_data,not_matched,,unconfirmed,,https://open.canada.ca/data/en/dataset/98f1a129-f628-4ce4-b24d-6f16bf24dd64/resource/0b0f5a42-b00b-4b6a-9185-4d4de1424801,,rncan_bev,rncan_bev_2012_2026_en,0b0f5a42-b00b-4b6a-9185-4d4de1424801,44175,PORSCHE,TAYCAN TURBO S CROSS TURISMO,quebec_presence_unconfirmed;join_not_unique_or_absent,Spécification RNCan réelle; présence ou nombre d'immatriculations au Québec non confirmé au niveau de cette configuration.,2019_2022,BEV,phase=stratified_round_robin_fill;strata=vehicle_class_powertrain_era;confirmed_qc_within_stratum_first=TRUE;stable_hash_order=TRUE;target_n=64;manual_vehicle_selection=FALSE
vq_00c7e1037a1e795ed752cd3a,1.0.0,canadian_market_specification_with_quebec_linkage_status,Volkswagen,Routan FFV,2011,Fourgonnette,van,,regular_gasoline,X,,gasoline,3.6,6,,AS6,automatic_select_shift,6,,,,unknown_core_sources,13.7,9.4,11.8,24,24,observed_rncan,,,,,,,,,,,271,,,,,,,,,,,,,,,,,not_attempted_no_verified_crosswalk_or_no_saaq_data,not_matched,,unconfirmed,,https://open.canada.ca/data/en/dataset/98f1a129-f628-4ce4-b24d-6f16bf24dd64/resource/67a7f9ee-9c47-43a6-ab06-5e7242e12638,,rncan_standard,rncan_fcr_1995_2014_en,67a7f9ee-9c47-43a6-ab06-5e7242e12638,39734,VOLKSWAGEN,ROUTAN FFV,quebec_presence_unconfirmed;join_not_unique_or_absent,Spécification RNCan réelle; présence ou nombre d'immatriculations au Québec non confirmé au niveau de cette configuration.,2005_2014,gasoline,phase=stratified_round_robin_fill;strata=vehicle_class_powertrain_era;confirmed_qc_within_stratum_first=TRUE;stable_hash_order=TRUE;target_n=64;manual_vehicle_selection=FALSE
vq_03f969be28d8204e4ff2cf07,1.0.0,canadian_market_specification_with_quebec_linkage_status,Mazda,B3000 FFV,2003,Camionnette : ordinaire,pickup,standard,e85,E,,flex_fuel_e85,3,6,,A5,automatic,5,,,,unknown_core_sources,20.4,15.7,18.3,15,15,observed_rncan,,,,,,,,,,,293,,,,,,,,,,,,,,,,,not_attempted_no_verified_crosswalk_or_no_saaq_data,not_matched,,unconfirmed,,https://open.canada.ca/data/en/dataset/98f1a129-f628-4ce4-b24d-6f16bf24dd64/resource/67a7f9ee-9c47-43a6-ab06-5e7242e12638,,rncan_standard,rncan_fcr_1995_2014_en,67a7f9ee-9c47-43a6-ab06-5e7242e12638,31217,MAZDA,B3000 FFV,quebec_presence_unconfirmed;join_not_unique_or_absent,Spécification RNCan réelle; présence ou nombre d'immatriculations au Québec non confirmé au niveau de cette configuration.,1995_2004,other,phase=stratified_round_robin_fill;strata=vehicle_class_powertrain_era;confirmed_qc_within_stratum_first=TRUE;stable_hash_order=TRUE;target_n=64;manual_vehicle_selection=FALSE
vq_0120f21a1ed922f04405630d,1.0.0,canadian_market_specification_with_quebec_linkage_status,Porsche,Cayenne E-Hybrid,2022,Sport utility vehicle: Standard,suv,standard,plug_in_hybrid,B Z,Z,PHEV,3,6,99,AS8,automatic_select_shift,8,,,,unknown_core_sources,11.8,10.6,11.3,,24.998230088495575,derived_282.48_divided_by_combined_l_per_100km,,,44.9,0,,,5.1,27,666,3,160,7,5,,,,,,,,,,,,,,,not_attempted_no_verified_crosswalk_or_no_saaq_data,not_matched,,unconfirmed,,https://open.canada.ca/data/en/dataset/98f1a129-f628-4ce4-b24d-6f16bf24dd64/resource/8812228b-a6aa-4303-b3d0-66489225120d,,rncan_phev,rncan_phev_2012_2026_en,8812228b-a6aa-4303-b3d0-66489225120d,6884,PORSCHE,CAYENNE E HYBRID,quebec_presence_unconfirmed;join_not_unique_or_absent,Spécification RNCan réelle; présence ou nombre d'immatriculations au Québec non confirmé au niveau de cette configuration.,2019_2022,PHEV,phase=stratified_round_robin_fill;strata=vehicle_class_powertrain_era;confirmed_qc_within_stratum_first=TRUE;stable_hash_order=TRUE;target_n=64;manual_vehicle_selection=FALSE
vq_07265416152c117037c7682e,1.0.0,canadian_market_specification_with_quebec_linkage_status,Chevrolet,Suburban 4WD,2025,Sport utility vehicle: Standard,suv,standard,diesel,D,,diesel,3,6,,A10,automatic,10,4WD,derived_from_explicit_model_token,,unknown_core_sources,11.5,9.7,10.7,26,26,observed_rncan,,,,,,,,,,,287,4,4,,,,,,,,,,,,,,,not_attempted_no_verified_crosswalk_or_no_saaq_data,not_matched,,unconfirmed,,https://open.canada.ca/data/en/dataset/98f1a129-f628-4ce4-b24d-6f16bf24dd64/resource/d589f2bc-9a85-4f65-be2f-20f17debfcb1,,rncan_standard,rncan_fcr_2025_en,d589f2bc-9a85-4f65-be2f-20f17debfcb1,13783,CHEVROLET,SUBURBAN 4WD,quebec_presence_unconfirmed;join_not_unique_or_absent,Spécification RNCan réelle; présence ou nombre d'immatriculations au Québec non confirmé au niveau de cette configuration.,2023_plus,diesel,phase=stratified_round_robin_fill;strata=vehicle_class_powertrain_era;confirmed_qc_within_stratum_first=TRUE;stable_hash_order=TRUE;target_n=64;manual_vehicle_selection=FALSE
vq_1772acb74e3db0a07a208e62,1.0.0,canadian_market_specification_with_quebec_linkage_status,GMC,Yukon XL FFV,2019,Sport utility vehicle: Standard,suv,standard,e85,E,,flex_fuel_e85,5.3,8,,A6,automatic,6,,,,unknown_core_sources,21.2,13.9,17.9,16,16,observed_rncan,,,,,,,,,,,298,3,3,,,,,,,,,,,,,,,not_attempted_no_verified_crosswalk_or_no_saaq_data,not_matched,,unconfirmed,,https://open.canada.ca/data/en/dataset/98f1a129-f628-4ce4-b24d-6f16bf24dd64/resource/c98b9dc8-b23f-4cd8-8b19-e892da1e4688,,rncan_standard,rncan_fcr_2015_2024_en,c98b9dc8-b23f-4cd8-8b19-e892da1e4688,14863,GMC,YUKON XL FFV,quebec_presence_unconfirmed;join_not_unique_or_absent,Spécification RNCan réelle; présence ou nombre d'immatriculations au Québec non confirmé au niveau de cette configuration.,2019_2022,other,phase=stratified_round_robin_fill;strata=vehicle_class_powertrain_era;confirmed_qc_within_stratum_first=TRUE;stable_hash_order=TRUE;target_n=64;manual_vehicle_selection=FALSE
vq_0a758408af66507869b5f117,1.0.0,canadian_market_specification_with_quebec_linkage_status,Kia,Carnival Hybrid,2026,Minivan,van,,regular_gasoline,X,,HEV_text_derived,1.6,4,,AM6,automated_manual,6,,,,unknown_core_sources,6.9,7.5,7.2,39,39,observed_rncan,,,,,,,,,,,169,6,6,,,,,,,,,,,,,,,not_attempted_no_verified_crosswalk_or_no_saaq_data,not_matched,,unconfirmed,,https://open.canada.ca/data/en/dataset/98f1a129-f628-4ce4-b24d-6f16bf24dd64/resource/9df1b18d-d036-4783-a61c-99f1f75b3ac5,,rncan_standard,rncan_fcr_2026_en,9df1b18d-d036-4783-a61c-99f1f75b3ac5,2101,KIA,CARNIVAL HYBRID,quebec_presence_unconfirmed;join_not_unique_or_absent,Spécification RNCan réelle; présence ou nombre d'immatriculations au Québec non confirmé au niveau de cette configuration.,2023_plus,HEV_text_derived,phase=stratified_round_robin_fill;strata=vehicle_class_powertrain_era;confirmed_qc_within_stratum_first=TRUE;stable_hash_order=TRUE;target_n=64;manual_vehicle_selection=FALSE
vq_01efb6e9353a15c9a6d115bb,1.0.0,canadian_market_specification_with_quebec_linkage_status,Audi,Q5 Hybrid quattro,2016,Sport utility vehicle: Small,suv,small,premium_gasoline,Z,,HEV_text_derived,2,4,,AS8,automatic_select_shift,8,,,,unknown_core_sources,9.8,7.9,8.9,32,32,observed_rncan,,,,,,,,,,,209,6,,,,,,,,,,,,,,,,not_attempted_no_verified_crosswalk_or_no_saaq_data,not_matched,,unconfirmed,,https://open.canada.ca/data/en/dataset/98f1a129-f628-4ce4-b24d-6f16bf24dd64/resource/c98b9dc8-b23f-4cd8-8b19-e892da1e4688,,rncan_standard,rncan_fcr_2015_2024_en,c98b9dc8-b23f-4cd8-8b19-e892da1e4688,11233,AUDI,Q5 HYBRID QUATTRO,quebec_presence_unconfirmed;join_not_unique_or_absent,Spécification RNCan réelle; présence ou nombre d'immatriculations au Québec non confirmé au niveau de cette configuration.,2015_2018,HEV_text_derived,phase=stratified_round_robin_fill;strata=vehicle_class_powertrain_era;confirmed_qc_within_stratum_first=TRUE;stable_hash_order=TRUE;target_n=64;manual_vehicle_selection=FALSE
vq_11d78d6efabd383907782462,1.0.0,canadian_market_specification_with_quebec_linkage_status,GMC,K1500 Yukon 4X4 Turbo Diesel,1998,Véhicule utilitaire sport,suv,,diesel,D,,diesel,6.5,8,,A4,automatic,4,4X4,derived_from_explicit_model_token,,unknown_core_sources,18,13.4,15.9,18,18,observed_rncan,,,,,,,,,,,429,,,,,,,,,,,,,,,,,not_attempted_no_verified_crosswalk_or_no_saaq_data,not_matched,,unconfirmed,,https://open.canada.ca/data/en/dataset/98f1a129-f628-4ce4-b24d-6f16bf24dd64/resource/67a7f9ee-9c47-43a6-ab06-5e7242e12638,,rncan_standard,rncan_fcr_1995_2014_en,67a7f9ee-9c47-43a6-ab06-5e7242e12638,27654,GMC,K1500 YUKON 4X4 TURBO DIESEL,quebec_presence_unconfirmed;join_not_unique_or_absent,Spécification RNCan réelle; présence ou nombre d'immatriculations au Québec non confirmé au niveau de cette configuration.,1995_2004,diesel,phase=stratified_round_robin_fill;strata=vehicle_class_powertrain_era;confirmed_qc_within_stratum_first=TRUE;stable_hash_order=TRUE;target_n=64;manual_vehicle_selection=FALSE
vq_00383ed7a9f6504c4b437c18,1.0.0,canadian_market_specification_with_quebec_linkage_status,Jeep,Gladiator 4X4 Rubicon EcoDiesel,2021,Pickup truck: Standard,pickup,standard,diesel,D,,diesel,3,6,,A8,automatic,8,4X4,derived_from_explicit_model_token,,unknown_core_sources,11,8.7,10,28,28,observed_rncan,,,,,,,,,,,271,4,1,,,,,,,,,,,,,,,not_attempted_no_verified_crosswalk_or_no_saaq_data,not_matched,,unconfirmed,,https://open.canada.ca/data/en/dataset/98f1a129-f628-4ce4-b24d-6f16bf24dd64/resource/c98b9dc8-b23f-4cd8-8b19-e892da1e4688,,rncan_standard,rncan_fcr_2015_2024_en,c98b9dc8-b23f-4cd8-8b19-e892da1e4688,16977,JEEP,GLADIATOR 4X4 RUBICON ECODIESEL,quebec_presence_unconfirmed;join_not_unique_or_absent,Spécification RNCan réelle; présence ou nombre d'immatriculations au Québec non confirmé au niveau de cette configuration.,2019_2022,diesel,phase=stratified_round_robin_fill;strata=vehicle_class_powertrain_era;confirmed_qc_within_stratum_first=TRUE;stable_hash_order=TRUE;target_n=64;manual_vehicle_selection=FALSE
vq_00244b0346c7ed2227123af6,1.0.0,canadian_market_specification_with_quebec_linkage_status,Lamborghini,Urus SE,2025,Sport utility vehicle: Standard,suv,standard,plug_in_hybrid,B Z,Z,PHEV,4,8,141,AS8,automatic_select_shift,8,,,,unknown_core_sources,12.5,11.2,11.9,,23.73781512605042,derived_282.48_divided_by_combined_l_per_100km,,,43.4,0,,,4.9,56,666,4,103,8,2,,,,,,,,,,,,,,,not_attempted_no_verified_crosswalk_or_no_saaq_data,not_matched,,unconfirmed,,https://open.canada.ca/data/en/dataset/98f1a129-f628-4ce4-b24d-6f16bf24dd64/resource/8812228b-a6aa-4303-b3d0-66489225120d,,rncan_phev,rncan_phev_2012_2026_en,8812228b-a6aa-4303-b3d0-66489225120d,7011,LAMBORGHINI,URUS SE,quebec_presence_unconfirmed;join_not_unique_or_absent,Spécification RNCan réelle; présence ou nombre d'immatriculations au Québec non confirmé au niveau de cette configuration.,2023_plus,PHEV,phase=stratified_round_robin_fill;strata=vehicle_class_powertrain_era;confirmed_qc_within_stratum_first=TRUE;stable_hash_order=TRUE;target_n=64;manual_vehicle_selection=FALSE
vq_038590b04402009df7cef243,1.0.0,canadian_market_specification_with_quebec_linkage_status,Kia,EV6 Long Range,2022,Familiale : petite,wagon,small,electricity,B,,BEV,,,168,A1,automatic,1,,,,unknown_core_sources,,,,,,unknown,15.5,20.5,18,,1.8,2.3,2,499,,8.7,0,10,10,,,,,,,,,,,,,,,not_attempted_no_verified_crosswalk_or_no_saaq_data,not_matched,,unconfirmed,,https://open.canada.ca/data/en/dataset/98f1a129-f628-4ce4-b24d-6f16bf24dd64/resource/0b0f5a42-b00b-4b6a-9185-4d4de1424801,,rncan_bev,rncan_bev_2012_2026_en,0b0f5a42-b00b-4b6a-9185-4d4de1424801,44229,KIA,EV6 LONG RANGE,quebec_presence_unconfirmed;join_not_unique_or_absent,Spécification RNCan réelle; présence ou nombre d'immatriculations au Québec non confirmé au niveau de cette configuration.,2019_2022,BEV,phase=stratified_round_robin_fill;strata=vehicle_class_powertrain_era;confirmed_qc_within_stratum_first=TRUE;stable_hash_order=TRUE;target_n=64;manual_vehicle_selection=FALSE
vq_008b5514b17528eab5b38454,1.0.0,canadian_market_specification_with_quebec_linkage_status,Ford,F-150 FFV,2018,Pickup truck: Standard,pickup,standard,e85,E,,flex_fuel_e85,5,8,,AS10,automatic_select_shift,10,,,,unknown_core_sources,20.2,14,17.4,16,16,observed_rncan,,,,,,,,,,,288,3,3,,,,,,,,,,,,,,,not_attempted_no_verified_crosswalk_or_no_saaq_data,not_matched,,unconfirmed,,https://open.canada.ca/data/en/dataset/98f1a129-f628-4ce4-b24d-6f16bf24dd64/resource/c98b9dc8-b23f-4cd8-8b19-e892da1e4688,,rncan_standard,rncan_fcr_2015_2024_en,c98b9dc8-b23f-4cd8-8b19-e892da1e4688,13711,FORD,F 150 FFV,quebec_presence_unconfirmed;join_not_unique_or_absent,Spécification RNCan réelle; présence ou nombre d'immatriculations au Québec non confirmé au niveau de cette configuration.,2015_2018,other,phase=stratified_round_robin_fill;strata=vehicle_class_powertrain_era;confirmed_qc_within_stratum_first=TRUE;stable_hash_order=TRUE;target_n=64;manual_vehicle_selection=FALSE
vq_05635c454f2f01081999f4aa,1.0.0,canadian_market_specification_with_quebec_linkage_status,Volvo,V90 CC B6 AWD,2025,Station wagon: Mid-size,wagon,mid_size,premium_gasoline,Z,,gasoline,2,4,,AS8,automatic_select_shift,8,AWD,derived_from_explicit_model_token,,unknown_core_sources,10.7,8.1,9.5,30,30,observed_rncan,,,,,,,,,,,223,5,6,,,,,,,,,,,,,,,not_attempted_no_verified_crosswalk_or_no_saaq_data,not_matched,,unconfirmed,,https://open.canada.ca/data/en/dataset/98f1a129-f628-4ce4-b24d-6f16bf24dd64/resource/d589f2bc-9a85-4f65-be2f-20f17debfcb1,,rncan_standard,rncan_fcr_2025_en,d589f2bc-9a85-4f65-be2f-20f17debfcb1,14298,VOLVO,V90 CC B6 AWD,quebec_presence_unconfirmed;join_not_unique_or_absent,Spécification RNCan réelle; présence ou nombre d'immatriculations au Québec non confirmé au niveau de cette configuration.,2023_plus,gasoline,phase=stratified_round_robin_fill;strata=vehicle_class_powertrain_era;confirmed_qc_within_stratum_first=TRUE;stable_hash_order=TRUE;target_n=64;manual_vehicle_selection=FALSE
vq_002062c14f3e886134d3989a,1.0.0,canadian_market_specification_with_quebec_linkage_status,Mazda,Mazda6 Sport Wagon,2006,Familiale : intermédiaire,wagon,mid_size,regular_gasoline,X,,gasoline,3,6,,M5,manual,5,,,,unknown_core_sources,13.7,9.5,11.8,24,24,observed_rncan,,,,,,,,,,,271,,,,,,,,,,,,,,,,,not_attempted_no_verified_crosswalk_or_no_saaq_data,not_matched,,unconfirmed,,https://open.canada.ca/data/en/dataset/98f1a129-f628-4ce4-b24d-6f16bf24dd64/resource/67a7f9ee-9c47-43a6-ab06-5e7242e12638,,rncan_standard,rncan_fcr_1995_2014_en,67a7f9ee-9c47-43a6-ab06-5e7242e12638,34059,MAZDA,MAZDA6 SPORT WAGON,quebec_presence_unconfirmed;join_not_unique_or_absent,Spécification RNCan réelle; présence ou nombre d'immatriculations au Québec non confirmé au niveau de cette configuration.,2005_2014,gasoline,phase=stratified_round_robin_fill;strata=vehicle_class_powertrain_era;confirmed_qc_within_stratum_first=TRUE;stable_hash_order=TRUE;target_n=64;manual_vehicle_selection=FALSE
vq_0287fe6e2d9dc1ae97dbdb95,1.0.0,canadian_market_specification_with_quebec_linkage_status,Audi,A3 e-tron ultra,2016,Compact,passenger_car,compact,plug_in_hybrid,B Z,Z,PHEV,1.4,4,80,A6,automatic,6,,,,unknown_core_sources,6.4,5.7,6.1,,46.30819672131148,derived_282.48_divided_by_combined_l_per_100km,,,23.9,0,,,2.7,27,663,2.5,85,10,,,,,,,,,,,,,,,,not_attempted_no_verified_crosswalk_or_no_saaq_data,not_matched,,unconfirmed,,https://open.canada.ca/data/en/dataset/98f1a129-f628-4ce4-b24d-6f16bf24dd64/resource/8812228b-a6aa-4303-b3d0-66489225120d,,rncan_phev,rncan_phev_2012_2026_en,8812228b-a6aa-4303-b3d0-66489225120d,6705,AUDI,A3 E TRON ULTRA,quebec_presence_unconfirmed;join_not_unique_or_absent,Spécification RNCan réelle; présence ou nombre d'immatriculations au Québec non confirmé au niveau de cette configuration.,2015_2018,PHEV,phase=stratified_round_robin_fill;strata=vehicle_class_powertrain_era;confirmed_qc_within_stratum_first=TRUE;stable_hash_order=TRUE;target_n=64;manual_vehicle_selection=FALSE
vq_0133611558633d57523189b7,1.0.0,canadian_market_specification_with_quebec_linkage_status,Toyota,Prius Prime SE,2023,Mid-size,passenger_car,mid_size,plug_in_hybrid,B X,X,PHEV,2,4,120,AV,continuously_variable,,,,,unknown_core_sources,4.4,4.6,4.5,,62.77333333333334,derived_282.48_divided_by_combined_l_per_100km,,,16.4,0,,,1.8,72,890,4,31,10,7,,,,,,,,,,,,,,,not_attempted_no_verified_crosswalk_or_no_saaq_data,not_matched,,unconfirmed,,https://open.canada.ca/data/en/dataset/98f1a129-f628-4ce4-b24d-6f16bf24dd64/resource/8812228b-a6aa-4303-b3d0-66489225120d,,rncan_phev,rncan_phev_2012_2026_en,8812228b-a6aa-4303-b3d0-66489225120d,6927,TOYOTA,PRIUS PRIME SE,quebec_presence_unconfirmed;join_not_unique_or_absent,Spécification RNCan réelle; présence ou nombre d'immatriculations au Québec non confirmé au niveau de cette configuration.,2023_plus,PHEV,phase=stratified_round_robin_fill;strata=vehicle_class_powertrain_era;confirmed_qc_within_stratum_first=TRUE;stable_hash_order=TRUE;target_n=64;manual_vehicle_selection=FALSE
vq_07522faaa83c318afbc22f9c,1.0.0,canadian_market_specification_with_quebec_linkage_status,Ford,F-150 Hybrid 4X4,2023,Pickup truck: Standard,pickup,standard,regular_gasoline,X,,HEV_text_derived,3.5,6,,AS10,automatic_select_shift,10,4X4,derived_from_explicit_model_token,,unknown_core_sources,10.5,10.4,10.4,27,27,observed_rncan,,,,,,,,,,,245,5,6,,,,,,,,,,,,,,,not_attempted_no_verified_crosswalk_or_no_saaq_data,not_matched,,unconfirmed,,https://open.canada.ca/data/en/dataset/98f1a129-f628-4ce4-b24d-6f16bf24dd64/resource/c98b9dc8-b23f-4cd8-8b19-e892da1e4688,,rncan_standard,rncan_fcr_2015_2024_en,c98b9dc8-b23f-4cd8-8b19-e892da1e4688,18734,FORD,F 150 HYBRID 4X4,quebec_presence_unconfirmed;join_not_unique_or_absent,Spécification RNCan réelle; présence ou nombre d'immatriculations au Québec non confirmé au niveau de cette configuration.,2023_plus,HEV_text_derived,phase=stratified_round_robin_fill;strata=vehicle_class_powertrain_era;confirmed_qc_within_stratum_first=TRUE;stable_hash_order=TRUE;target_n=64;manual_vehicle_selection=FALSE
vq_088894c196d4729be0fa1e5a,1.0.0,canadian_market_specification_with_quebec_linkage_status,Volkswagen,Golf TDI Diesel,2000,Compacte,passenger_car,compact,diesel,D,,diesel,1.9,4,,A4,automatic,4,,,,unknown_core_sources,8.1,5.8,7.1,40,40,observed_rncan,,,,,,,,,,,192,,,,,,,,,,,,,,,,,not_attempted_no_verified_crosswalk_or_no_saaq_data,not_matched,,unconfirmed,,https://open.canada.ca/data/en/dataset/98f1a129-f628-4ce4-b24d-6f16bf24dd64/resource/67a7f9ee-9c47-43a6-ab06-5e7242e12638,,rncan_standard,rncan_fcr_1995_2014_en,67a7f9ee-9c47-43a6-ab06-5e7242e12638,29250,VOLKSWAGEN,GOLF TDI DIESEL,quebec_presence_unconfirmed;join_not_unique_or_absent,Spécification RNCan réelle; présence ou nombre d'immatriculations au Québec non confirmé au niveau de cette configuration.,1995_2004,diesel,phase=stratified_round_robin_fill;strata=vehicle_class_powertrain_era;confirmed_qc_within_stratum_first=TRUE;stable_hash_order=TRUE;target_n=64;manual_vehicle_selection=FALSE
vq_00000aea8b7aee8653ff9cac,1.0.0,canadian_market_specification_with_quebec_linkage_status,Land Rover,Range Rover,2015,Sport utility vehicle: Standard,suv,standard,premium_gasoline,Z,,gasoline,3,6,,AS8,automatic_select_shift,8,,,,unknown_core_sources,13.9,10.4,12.3,23,23,observed_rncan,,,,,,,,,,,283,,,,,,,,,,,,,,,,,not_attempted_no_verified_crosswalk_or_no_saaq_data,not_matched,,unconfirmed,,https://open.canada.ca/data/en/dataset/98f1a129-f628-4ce4-b24d-6f16bf24dd64/resource/c98b9dc8-b23f-4cd8-8b19-e892da1e4688,,rncan_standard,rncan_fcr_2015_2024_en,c98b9dc8-b23f-4cd8-8b19-e892da1e4688,10737,LAND ROVER,RANGE ROVER,quebec_presence_unconfirmed;join_not_unique_or_absent,Spécification RNCan réelle; présence ou nombre d'immatriculations au Québec non confirmé au niveau de cette configuration.,2015_2018,gasoline,phase=stratified_round_robin_fill;strata=vehicle_class_powertrain_era;confirmed_qc_within_stratum_first=TRUE;stable_hash_order=TRUE;target_n=64;manual_vehicle_selection=FALSE
vq_01c5d993862372ceeefde2ff,1.0.0,canadian_market_specification_with_quebec_linkage_status,Ford,F-150 FFV (Without Stop-Start),2023,Pickup truck: Standard,pickup,standard,e85,E,,flex_fuel_e85,3.3,6,,AS10,automatic_select_shift,10,,,,unknown_core_sources,17.5,12.4,15.2,19,19,observed_rncan,,,,,,,,,,,253,5,6,,,,,,,,,,,,,,,not_attempted_no_verified_crosswalk_or_no_saaq_data,not_matched,,unconfirmed,,https://open.canada.ca/data/en/dataset/98f1a129-f628-4ce4-b24d-6f16bf24dd64/resource/c98b9dc8-b23f-4cd8-8b19-e892da1e4688,,rncan_standard,rncan_fcr_2015_2024_en,c98b9dc8-b23f-4cd8-8b19-e892da1e4688,18706,FORD,F 150 FFV WITHOUT STOP START,quebec_presence_unconfirmed;join_not_unique_or_absent,Spécification RNCan réelle; présence ou nombre d'immatriculations au Québec non confirmé au niveau de cette configuration.,2023_plus,other,phase=stratified_round_robin_fill;strata=vehicle_class_powertrain_era;confirmed_qc_within_stratum_first=TRUE;stable_hash_order=TRUE;target_n=64;manual_vehicle_selection=FALSE
vq_01290fe316b2d179259bcf2f,1.0.0,canadian_market_specification_with_quebec_linkage_status,Volkswagen,Beetle TDI (modified),2015,Compact,passenger_car,compact,diesel,D,,diesel,2,4,,M6,manual,6,,,,unknown_core_sources,7.6,5.7,6.9,41,41,observed_rncan,,,,,,,,,,,184,,,,,,,,,,,,,,,,,not_attempted_no_verified_crosswalk_or_no_saaq_data,not_matched,,unconfirmed,,https://open.canada.ca/data/en/dataset/98f1a129-f628-4ce4-b24d-6f16bf24dd64/resource/c98b9dc8-b23f-4cd8-8b19-e892da1e4688,,rncan_standard,rncan_fcr_2015_2024_en,c98b9dc8-b23f-4cd8-8b19-e892da1e4688,11131,VOLKSWAGEN,BEETLE TDI MODIFIED,quebec_presence_unconfirmed;join_not_unique_or_absent,Spécification RNCan réelle; présence ou nombre d'immatriculations au Québec non confirmé au niveau de cette configuration.,2015_2018,diesel,phase=stratified_round_robin_fill;strata=vehicle_class_powertrain_era;confirmed_qc_within_stratum_first=TRUE;stable_hash_order=TRUE;target_n=64;manual_vehicle_selection=FALSE
vq_0063a8fa298c70c039dfe62a,1.0.0,canadian_market_specification_with_quebec_linkage_status,Mazda,B2300,2003,Camionnette : ordinaire,pickup,standard,regular_gasoline,X,,gasoline,2.3,4,,A5,automatic,5,,,,unknown_core_sources,11.8,9.7,10.9,26,26,observed_rncan,,,,,,,,,,,251,,,,,,,,,,,,,,,,,not_attempted_no_verified_crosswalk_or_no_saaq_data,not_matched,,unconfirmed,,https://open.canada.ca/data/en/dataset/98f1a129-f628-4ce4-b24d-6f16bf24dd64/resource/67a7f9ee-9c47-43a6-ab06-5e7242e12638,,rncan_standard,rncan_fcr_1995_2014_en,67a7f9ee-9c47-43a6-ab06-5e7242e12638,31213,MAZDA,B2300,quebec_presence_unconfirmed;join_not_unique_or_absent,Spécification RNCan réelle; présence ou nombre d'immatriculations au Québec non confirmé au niveau de cette configuration.,1995_2004,gasoline,phase=stratified_round_robin_fill;strata=vehicle_class_powertrain_era;confirmed_qc_within_stratum_first=TRUE;stable_hash_order=TRUE;target_n=64;manual_vehicle_selection=FALSE
vq_26910fc29b3cdcdd82c6ee60,1.0.0,canadian_market_specification_with_quebec_linkage_status,Dodge,Ram 2500 Van CNG,2003,Fourgon : cargaison,van,,natural_gas,N,,natural_gas,5.2,8,,A4,automatic,4,,,,unknown_core_sources,20.7,16.3,18.8,15,15,observed_rncan,,,,,,,,,,,355,,,,,,,,,,,,,,,,,not_attempted_no_verified_crosswalk_or_no_saaq_data,not_matched,,unconfirmed,,https://open.canada.ca/data/en/dataset/98f1a129-f628-4ce4-b24d-6f16bf24dd64/resource/67a7f9ee-9c47-43a6-ab06-5e7242e12638,,rncan_standard,rncan_fcr_1995_2014_en,67a7f9ee-9c47-43a6-ab06-5e7242e12638,30963,DODGE,RAM 2500 VAN CNG,quebec_presence_unconfirmed;join_not_unique_or_absent,Spécification RNCan réelle; présence ou nombre d'immatriculations au Québec non confirmé au niveau de cette configuration.,1995_2004,other,phase=stratified_round_robin_fill;strata=vehicle_class_powertrain_era;confirmed_qc_within_stratum_first=TRUE;stable_hash_order=TRUE;target_n=64;manual_vehicle_selection=FALSE
vq_006915a71399c1aaba4fdc18,1.0.0,canadian_market_specification_with_quebec_linkage_status,GMC,Yukon Denali XL AWD,2013,Véhicule utilitaire sport : ordinaire,suv,standard,e85,E,,flex_fuel_e85,6.2,8,,A6,automatic,6,AWD,derived_from_explicit_model_token,,unknown_core_sources,25.7,17.8,22.2,13,13,observed_rncan,,,,,,,,,,,355,,,,,,,,,,,,,,,,,not_attempted_no_verified_crosswalk_or_no_saaq_data,not_matched,,unconfirmed,,https://open.canada.ca/data/en/dataset/98f1a129-f628-4ce4-b24d-6f16bf24dd64/resource/67a7f9ee-9c47-43a6-ab06-5e7242e12638,,rncan_standard,rncan_fcr_1995_2014_en,67a7f9ee-9c47-43a6-ab06-5e7242e12638,41355,GMC,YUKON DENALI XL AWD,quebec_presence_unconfirmed;join_not_unique_or_absent,Spécification RNCan réelle; présence ou nombre d'immatriculations au Québec non confirmé au niveau de cette configuration.,2005_2014,other,phase=stratified_round_robin_fill;strata=vehicle_class_powertrain_era;confirmed_qc_within_stratum_first=TRUE;stable_hash_order=TRUE;target_n=64;manual_vehicle_selection=FALSE
vq_008643e2e7c0d95f13697a24,1.0.0,canadian_market_specification_with_quebec_linkage_status,Ford,Escape Hybrid 4X4,2005,Véhicule utilitaire sport,suv,,regular_gasoline,X,,HEV_text_derived,2.3,4,,AV,continuously_variable,,4X4,derived_from_explicit_model_token,,unknown_core_sources,8.3,8.9,8.6,33,33,observed_rncan,,,,,,,,,,,198,,,,,,,,,,,,,,,,,not_attempted_no_verified_crosswalk_or_no_saaq_data,not_matched,,unconfirmed,,https://open.canada.ca/data/en/dataset/98f1a129-f628-4ce4-b24d-6f16bf24dd64/resource/67a7f9ee-9c47-43a6-ab06-5e7242e12638,,rncan_standard,rncan_fcr_1995_2014_en,67a7f9ee-9c47-43a6-ab06-5e7242e12638,32786,FORD,ESCAPE HYBRID 4X4,quebec_presence_unconfirmed;join_not_unique_or_absent,Spécification RNCan réelle; présence ou nombre d'immatriculations au Québec non confirmé au niveau de cette configuration.,2005_2014,HEV_text_derived,phase=stratified_round_robin_fill;strata=vehicle_class_powertrain_era;confirmed_qc_within_stratum_first=TRUE;stable_hash_order=TRUE;target_n=64;manual_vehicle_selection=FALSE
vq_a4e778072d687d45c6b9711f,1.0.0,canadian_market_specification_with_quebec_linkage_status,Chevrolet,Trailblazer,2025,Sport utility vehicle: Small,suv,small,e85,E,,flex_fuel_e85,1.2,3,,AV,continuously_variable,,,,,unknown_core_sources,10.7,10.2,10.5,27,27,observed_rncan,,,,,,,,,,,175,6,6,,,,,,,,,,,,,,,not_attempted_no_verified_crosswalk_or_no_saaq_data,not_matched,,unconfirmed,,https://open.canada.ca/data/en/dataset/98f1a129-f628-4ce4-b24d-6f16bf24dd64/resource/d589f2bc-9a85-4f65-be2f-20f17debfcb1,,rncan_standard,rncan_fcr_2025_en,d589f2bc-9a85-4f65-be2f-20f17debfcb1,13791,CHEVROLET,TRAILBLAZER,quebec_presence_unconfirmed;join_not_unique_or_absent,Spécification RNCan réelle; présence ou nombre d'immatriculations au Québec non confirmé au niveau de cette configuration.,2023_plus,other,phase=stratified_round_robin_fill;strata=vehicle_class_powertrain_era;confirmed_qc_within_stratum_first=TRUE;stable_hash_order=TRUE;target_n=64;manual_vehicle_selection=FALSE
vq_306361697525f067e0e295e5,1.0.0,canadian_market_specification_with_quebec_linkage_status,Ram,1500 EcoDiesel,2018,Pickup truck: Standard,pickup,standard,diesel,D,,diesel,3,6,,A8,automatic,8,,,,unknown_core_sources,11.8,8.6,10.4,27,27,observed_rncan,,,,,,,,,,,278,4,1,,,,,,,,,,,,,,,not_attempted_no_verified_crosswalk_or_no_saaq_data,not_matched,,unconfirmed,,https://open.canada.ca/data/en/dataset/98f1a129-f628-4ce4-b24d-6f16bf24dd64/resource/c98b9dc8-b23f-4cd8-8b19-e892da1e4688,,rncan_standard,rncan_fcr_2015_2024_en,c98b9dc8-b23f-4cd8-8b19-e892da1e4688,14312,RAM,1500 ECODIESEL,quebec_presence_unconfirmed;join_not_unique_or_absent,Spécification RNCan réelle; présence ou nombre d'immatriculations au Québec non confirmé au niveau de cette configuration.,2015_2018,diesel,phase=stratified_round_robin_fill;strata=vehicle_class_powertrain_era;confirmed_qc_within_stratum_first=TRUE;stable_hash_order=TRUE;target_n=64;manual_vehicle_selection=FALSE
vq_0e2f3bae5a91ce1277e55518,1.0.0,canadian_market_specification_with_quebec_linkage_status,Tesla,Model X 75D,2017,Véhicule utilitaire sport : ordinaire,suv,standard,electricity,B,,BEV,,,386,A1,automatic,1,,,,unknown_core_sources,,,,,,unknown,23,21.9,22.5,,2.6,2.5,2.5,383,,12,0,10,10,,,,,,,,,,,,,,,not_attempted_no_verified_crosswalk_or_no_saaq_data,not_matched,,unconfirmed,,https://open.canada.ca/data/en/dataset/98f1a129-f628-4ce4-b24d-6f16bf24dd64/resource/0b0f5a42-b00b-4b6a-9185-4d4de1424801,,rncan_bev,rncan_bev_2012_2026_en,0b0f5a42-b00b-4b6a-9185-4d4de1424801,44045,TESLA,MODEL X 75D,quebec_presence_unconfirmed;join_not_unique_or_absent,Spécification RNCan réelle; présence ou nombre d'immatriculations au Québec non confirmé au niveau de cette configuration.,2015_2018,BEV,phase=stratified_round_robin_fill;strata=vehicle_class_powertrain_era;confirmed_qc_within_stratum_first=TRUE;stable_hash_order=TRUE;target_n=64;manual_vehicle_selection=FALSE
vq_06b4de5c77238d45c9b0e47b,1.0.0,canadian_market_specification_with_quebec_linkage_status,Acura,RLX Hybrid,2019,Mid-size,passenger_car,mid_size,premium_gasoline,Z,,HEV_text_derived,3.5,6,,AM7,automated_manual,7,,,,unknown_core_sources,8.4,8.2,8.4,34,34,observed_rncan,,,,,,,,,,,196,6,7,,,,,,,,,,,,,,,not_attempted_no_verified_crosswalk_or_no_saaq_data,not_matched,,unconfirmed,,https://open.canada.ca/data/en/dataset/98f1a129-f628-4ce4-b24d-6f16bf24dd64/resource/c98b9dc8-b23f-4cd8-8b19-e892da1e4688,,rncan_standard,rncan_fcr_2015_2024_en,c98b9dc8-b23f-4cd8-8b19-e892da1e4688,14443,ACURA,RLX HYBRID,quebec_presence_unconfirmed;join_not_unique_or_absent,Spécification RNCan réelle; présence ou nombre d'immatriculations au Québec non confirmé au niveau de cette configuration.,2019_2022,HEV_text_derived,phase=stratified_round_robin_fill;strata=vehicle_class_powertrain_era;confirmed_qc_within_stratum_first=TRUE;stable_hash_order=TRUE;target_n=64;manual_vehicle_selection=FALSE
vq_0204577abeb7d1d6561c07a1,1.0.0,canadian_market_specification_with_quebec_linkage_status,Volvo,V90 CC T6 AWD,2018,Station wagon: Mid-size,wagon,mid_size,premium_gasoline,Z,,gasoline,2,4,,AS8,automatic_select_shift,8,AWD,derived_from_explicit_model_token,,unknown_core_sources,10.9,8,9.6,29,29,observed_rncan,,,,,,,,,,,224,5,5,,,,,,,,,,,,,,,not_attempted_no_verified_crosswalk_or_no_saaq_data,not_matched,,unconfirmed,,https://open.canada.ca/data/en/dataset/98f1a129-f628-4ce4-b24d-6f16bf24dd64/resource/c98b9dc8-b23f-4cd8-8b19-e892da1e4688,,rncan_standard,rncan_fcr_2015_2024_en,c98b9dc8-b23f-4cd8-8b19-e892da1e4688,14431,VOLVO,V90 CC T6 AWD,quebec_presence_unconfirmed;join_not_unique_or_absent,Spécification RNCan réelle; présence ou nombre d'immatriculations au Québec non confirmé au niveau de cette configuration.,2015_2018,gasoline,phase=stratified_round_robin_fill;strata=vehicle_class_powertrain_era;confirmed_qc_within_stratum_first=TRUE;stable_hash_order=TRUE;target_n=64;manual_vehicle_selection=FALSE
vq_00b2ebb9deeb5b1a9d1b7e3d,1.0.0,canadian_market_specification_with_quebec_linkage_status,GMC,Savana 1500 Cargo AWD,2013,Fourgon : cargaison,van,,e85,E,,flex_fuel_e85,5.3,8,,A4,automatic,4,AWD,derived_from_explicit_model_token,,unknown_core_sources,25.3,19.3,22.6,12,12,observed_rncan,,,,,,,,,,,362,,,,,,,,,,,,,,,,,not_attempted_no_verified_crosswalk_or_no_saaq_data,not_matched,,unconfirmed,,https://open.canada.ca/data/en/dataset/98f1a129-f628-4ce4-b24d-6f16bf24dd64/resource/67a7f9ee-9c47-43a6-ab06-5e7242e12638,,rncan_standard,rncan_fcr_1995_2014_en,67a7f9ee-9c47-43a6-ab06-5e7242e12638,41296,GMC,SAVANA 1500 CARGO AWD,quebec_presence_unconfirmed;join_not_unique_or_absent,Spécification RNCan réelle; présence ou nombre d'immatriculations au Québec non confirmé au niveau de cette configuration.,2005_2014,other,phase=stratified_round_robin_fill;strata=vehicle_class_powertrain_era;confirmed_qc_within_stratum_first=TRUE;stable_hash_order=TRUE;target_n=64;manual_vehicle_selection=FALSE
vq_2641d8b0e01cf619760a65d2,1.0.0,canadian_market_specification_with_quebec_linkage_status,Volkswagen,Jetta Wagon TDI Diesel,2003,Familiale : petite,wagon,small,diesel,D,,diesel,1.9,4,,A4,automatic,4,,,,unknown_core_sources,8.2,5.9,7.2,39,39,observed_rncan,,,,,,,,,,,194,,,,,,,,,,,,,,,,,not_attempted_no_verified_crosswalk_or_no_saaq_data,not_matched,,unconfirmed,,https://open.canada.ca/data/en/dataset/98f1a129-f628-4ce4-b24d-6f16bf24dd64/resource/67a7f9ee-9c47-43a6-ab06-5e7242e12638,,rncan_standard,rncan_fcr_1995_2014_en,67a7f9ee-9c47-43a6-ab06-5e7242e12638,31490,VOLKSWAGEN,JETTA WAGON TDI DIESEL,quebec_presence_unconfirmed;join_not_unique_or_absent,Spécification RNCan réelle; présence ou nombre d'immatriculations au Québec non confirmé au niveau de cette configuration.,1995_2004,diesel,phase=stratified_round_robin_fill;strata=vehicle_class_powertrain_era;confirmed_qc_within_stratum_first=TRUE;stable_hash_order=TRUE;target_n=64;manual_vehicle_selection=FALSE
vq_053f1716c0aa30e56f5ad8c9,1.0.0,canadian_market_specification_with_quebec_linkage_status,GMC,C1500 Yukon FFV,2002,Véhicule utilitaire sport,suv,,e85,E,,flex_fuel_e85,5.3,8,,A4,automatic,4,,,,unknown_core_sources,25.3,18.5,22.3,13,13,observed_rncan,,,,,,,,,,,357,,,,,,,,,,,,,,,,,not_attempted_no_verified_crosswalk_or_no_saaq_data,not_matched,,unconfirmed,,https://open.canada.ca/data/en/dataset/98f1a129-f628-4ce4-b24d-6f16bf24dd64/resource/67a7f9ee-9c47-43a6-ab06-5e7242e12638,,rncan_standard,rncan_fcr_1995_2014_en,67a7f9ee-9c47-43a6-ab06-5e7242e12638,30309,GMC,C1500 YUKON FFV,quebec_presence_unconfirmed;join_not_unique_or_absent,Spécification RNCan réelle; présence ou nombre d'immatriculations au Québec non confirmé au niveau de cette configuration.,1995_2004,other,phase=stratified_round_robin_fill;strata=vehicle_class_powertrain_era;confirmed_qc_within_stratum_first=TRUE;stable_hash_order=TRUE;target_n=64;manual_vehicle_selection=FALSE
vq_03c3895eeccfa9f1fcddf5cf,1.0.0,canadian_market_specification_with_quebec_linkage_status,Toyota,Tundra,2017,Pickup truck: Standard,pickup,standard,regular_gasoline,X,,gasoline,5.7,8,,AS6,automatic_select_shift,6,,,,unknown_core_sources,17.2,12.9,15.3,18,18,observed_rncan,,,,,,,,,,,358,2,5,,,,,,,,,,,,,,,not_attempted_no_verified_crosswalk_or_no_saaq_data,not_matched,,unconfirmed,,https://open.canada.ca/data/en/dataset/98f1a129-f628-4ce4-b24d-6f16bf24dd64/resource/c98b9dc8-b23f-4cd8-8b19-e892da1e4688,,rncan_standard,rncan_fcr_2015_2024_en,c98b9dc8-b23f-4cd8-8b19-e892da1e4688,13298,TOYOTA,TUNDRA,quebec_presence_unconfirmed;join_not_unique_or_absent,Spécification RNCan réelle; présence ou nombre d'immatriculations au Québec non confirmé au niveau de cette configuration.,2015_2018,gasoline,phase=stratified_round_robin_fill;strata=vehicle_class_powertrain_era;confirmed_qc_within_stratum_first=TRUE;stable_hash_order=TRUE;target_n=64;manual_vehicle_selection=FALSE
vq_0e00f9ced93d8985f30cbfe7,1.0.0,canadian_market_specification_with_quebec_linkage_status,Chevrolet,Volt,2013,Compact,passenger_car,compact,plug_in_hybrid,B,Z,PHEV,1.4,4,111,AV,continuously_variable,,,,,unknown_core_sources,6.7,5.9,6.4,,44.1375,derived_282.48_divided_by_combined_l_per_100km,,,21.4,,,,2.4,61,550,4,45,,,,,,,,,,,,,,,,,not_attempted_no_verified_crosswalk_or_no_saaq_data,not_matched,,unconfirmed,,https://open.canada.ca/data/en/dataset/98f1a129-f628-4ce4-b24d-6f16bf24dd64/resource/8812228b-a6aa-4303-b3d0-66489225120d,,rncan_phev,rncan_phev_2012_2026_en,8812228b-a6aa-4303-b3d0-66489225120d,6685,CHEVROLET,VOLT,quebec_presence_unconfirmed;join_not_unique_or_absent,Spécification RNCan réelle; présence ou nombre d'immatriculations au Québec non confirmé au niveau de cette configuration.,2005_2014,PHEV,phase=stratified_round_robin_fill;strata=vehicle_class_powertrain_era;confirmed_qc_within_stratum_first=TRUE;stable_hash_order=TRUE;target_n=64;manual_vehicle_selection=FALSE
vq_0aad40f69351b7994d982279,1.0.0,canadian_market_specification_with_quebec_linkage_status,Porsche,Cayenne Diesel (modified),2015,Sport utility vehicle: Standard,suv,standard,diesel,D,,diesel,3,6,,A8,automatic,8,,,,unknown_core_sources,11.8,8.1,10.2,28,28,observed_rncan,,,,,,,,,,,277,,,,,,,,,,,,,,,,,not_attempted_no_verified_crosswalk_or_no_saaq_data,not_matched,,unconfirmed,,https://open.canada.ca/data/en/dataset/98f1a129-f628-4ce4-b24d-6f16bf24dd64/resource/c98b9dc8-b23f-4cd8-8b19-e892da1e4688,,rncan_standard,rncan_fcr_2015_2024_en,c98b9dc8-b23f-4cd8-8b19-e892da1e4688,11009,PORSCHE,CAYENNE DIESEL MODIFIED,quebec_presence_unconfirmed;join_not_unique_or_absent,Spécification RNCan réelle; présence ou nombre d'immatriculations au Québec non confirmé au niveau de cette configuration.,2015_2018,diesel,phase=stratified_round_robin_fill;strata=vehicle_class_powertrain_era;confirmed_qc_within_stratum_first=TRUE;stable_hash_order=TRUE;target_n=64;manual_vehicle_selection=FALSE
vq_0133b346e1c0941daebcd6d3,1.0.0,canadian_market_specification_with_quebec_linkage_status,Chrysler,300 AWD FFV,2017,Full-size,passenger_car,full_size,e85,E,,flex_fuel_e85,3.6,6,,A8,automatic,8,AWD,derived_from_explicit_model_token,,unknown_core_sources,17.6,12,15,19,19,observed_rncan,,,,,,,,,,,248,5,6,,,,,,,,,,,,,,,not_attempted_no_verified_crosswalk_or_no_saaq_data,not_matched,,unconfirmed,,https://open.canada.ca/data/en/dataset/98f1a129-f628-4ce4-b24d-6f16bf24dd64/resource/c98b9dc8-b23f-4cd8-8b19-e892da1e4688,,rncan_standard,rncan_fcr_2015_2024_en,c98b9dc8-b23f-4cd8-8b19-e892da1e4688,12566,CHRYSLER,300 AWD FFV,quebec_presence_unconfirmed;join_not_unique_or_absent,Spécification RNCan réelle; présence ou nombre d'immatriculations au Québec non confirmé au niveau de cette configuration.,2015_2018,other,phase=stratified_round_robin_fill;strata=vehicle_class_powertrain_era;confirmed_qc_within_stratum_first=TRUE;stable_hash_order=TRUE;target_n=64;manual_vehicle_selection=FALSE
vq_0657146b7c4c146566ac881b,1.0.0,canadian_market_specification_with_quebec_linkage_status,BMW,M5 Touring,2026,Station wagon: Mid-size,wagon,mid_size,plug_in_hybrid,B Z,Z,PHEV,4.4,8,145,AS8,automatic_select_shift,8,,,,unknown_core_sources,20.6,13.7,17.5,,16.141714285714286,derived_282.48_divided_by_combined_l_per_100km,,,38.7,0,,,4.4,40,388,2,189,6,4,,,,,,,,,,,,,,,not_attempted_no_verified_crosswalk_or_no_saaq_data,not_matched,,unconfirmed,,https://open.canada.ca/data/en/dataset/98f1a129-f628-4ce4-b24d-6f16bf24dd64/resource/8812228b-a6aa-4303-b3d0-66489225120d,,rncan_phev,rncan_phev_2012_2026_en,8812228b-a6aa-4303-b3d0-66489225120d,7044,BMW,M5 TOURING,quebec_presence_unconfirmed;join_not_unique_or_absent,Spécification RNCan réelle; présence ou nombre d'immatriculations au Québec non confirmé au niveau de cette configuration.,2023_plus,PHEV,phase=stratified_round_robin_fill;strata=vehicle_class_powertrain_era;confirmed_qc_within_stratum_first=TRUE;stable_hash_order=TRUE;target_n=64;manual_vehicle_selection=FALSE
vq_04b668b2e57d81d01b2afc32,1.0.0,canadian_market_specification_with_quebec_linkage_status,Audi,Q7 TDI (modified),2014,Véhicule utilitaire sport : ordinaire,suv,standard,diesel,D,,diesel,3,6,,AS8,automatic_select_shift,8,,,,unknown_core_sources,12.4,8.7,10.7,26,26,observed_rncan,,,,,,,,,,,290,,,,,,,,,,,,,,,,,not_attempted_no_verified_crosswalk_or_no_saaq_data,not_matched,,unconfirmed,,https://open.canada.ca/data/en/dataset/98f1a129-f628-4ce4-b24d-6f16bf24dd64/resource/67a7f9ee-9c47-43a6-ab06-5e7242e12638,,rncan_standard,rncan_fcr_1995_2014_en,67a7f9ee-9c47-43a6-ab06-5e7242e12638,41975,AUDI,Q7 TDI MODIFIED,quebec_presence_unconfirmed;join_not_unique_or_absent,Spécification RNCan réelle; présence ou nombre d'immatriculations au Québec non confirmé au niveau de cette configuration.,2005_2014,diesel,phase=stratified_round_robin_fill;strata=vehicle_class_powertrain_era;confirmed_qc_within_stratum_first=TRUE;stable_hash_order=TRUE;target_n=64;manual_vehicle_selection=FALSE
vq_064d93a0baae036f988c16e9,1.0.0,canadian_market_specification_with_quebec_linkage_status,smart,fortwo electric drive cabriolet,2013,Deux places,passenger_car,two_seater,electricity,B,,BEV,,,35,A1,automatic,1,,,,unknown_core_sources,,,,,,unknown,17.2,22.5,19.6,,1.9,2.5,2.2,109,,8,0,,,,,,,,,,,,,,,,,not_attempted_no_verified_crosswalk_or_no_saaq_data,not_matched,,unconfirmed,,https://open.canada.ca/data/en/dataset/98f1a129-f628-4ce4-b24d-6f16bf24dd64/resource/0b0f5a42-b00b-4b6a-9185-4d4de1424801,,rncan_bev,rncan_bev_2012_2026_en,0b0f5a42-b00b-4b6a-9185-4d4de1424801,43972,SMART,FORTWO ELECTRIC DRIVE CABRIOLET,quebec_presence_unconfirmed;join_not_unique_or_absent,Spécification RNCan réelle; présence ou nombre d'immatriculations au Québec non confirmé au niveau de cette configuration.,2005_2014,BEV,phase=stratified_round_robin_fill;strata=vehicle_class_powertrain_era;confirmed_qc_within_stratum_first=TRUE;stable_hash_order=TRUE;target_n=64;manual_vehicle_selection=FALSE
vq_0273de203d4c62595d132eca,1.0.0,canadian_market_specification_with_quebec_linkage_status,Chevrolet,Cavalier Bi-Fuel,2002,Sous-compacte,passenger_car,subcompact,natural_gas,N,,natural_gas,2.2,4,,A4,automatic,4,,,,unknown_core_sources,13.8,9.1,11.7,24,24,observed_rncan,,,,,,,,,,,221,,,,,,,,,,,,,,,,,not_attempted_no_verified_crosswalk_or_no_saaq_data,not_matched,,unconfirmed,,https://open.canada.ca/data/en/dataset/98f1a129-f628-4ce4-b24d-6f16bf24dd64/resource/67a7f9ee-9c47-43a6-ab06-5e7242e12638,,rncan_standard,rncan_fcr_1995_2014_en,67a7f9ee-9c47-43a6-ab06-5e7242e12638,30105,CHEVROLET,CAVALIER BI FUEL,quebec_presence_unconfirmed;join_not_unique_or_absent,Spécification RNCan réelle; présence ou nombre d'immatriculations au Québec non confirmé au niveau de cette configuration.,1995_2004,other,phase=stratified_round_robin_fill;strata=vehicle_class_powertrain_era;confirmed_qc_within_stratum_first=TRUE;stable_hash_order=TRUE;target_n=64;manual_vehicle_selection=FALSE
vq_0014470e18378e85b41ccde2,1.0.0,canadian_market_specification_with_quebec_linkage_status,Nissan,Pathfinder 4WD Platinum,2020,Sport utility vehicle: Small,suv,small,regular_gasoline,X,,gasoline,3.5,6,,AV,continuously_variable,,4WD,derived_from_explicit_model_token,,unknown_core_sources,12.4,9.2,11,26,26,observed_rncan,,,,,,,,,,,257,4,3,,,,,,,,,,,,,,,not_attempted_no_verified_crosswalk_or_no_saaq_data,not_matched,,unconfirmed,,https://open.canada.ca/data/en/dataset/98f1a129-f628-4ce4-b24d-6f16bf24dd64/resource/c98b9dc8-b23f-4cd8-8b19-e892da1e4688,,rncan_standard,rncan_fcr_2015_2024_en,c98b9dc8-b23f-4cd8-8b19-e892da1e4688,16291,NISSAN,PATHFINDER 4WD PLATINUM,quebec_presence_unconfirmed;join_not_unique_or_absent,Spécification RNCan réelle; présence ou nombre d'immatriculations au Québec non confirmé au niveau de cette configuration.,2019_2022,gasoline,phase=stratified_round_robin_fill;strata=vehicle_class_powertrain_era;confirmed_qc_within_stratum_first=TRUE;stable_hash_order=TRUE;target_n=64;manual_vehicle_selection=FALSE
vq_008f0227b3a6f060b03e1a51,1.0.0,canadian_market_specification_with_quebec_linkage_status,Tesla,Model Y Performance,2023,Véhicule utilitaire sport : petit,suv,small,electricity,B,,BEV,,,312,A1,automatic,1,,,,unknown_core_sources,,,,,,unknown,18.2,19.8,18.9,,2,2.2,2.1,488,,10,0,10,10,,,,,,,,,,,,,,,not_attempted_no_verified_crosswalk_or_no_saaq_data,not_matched,,unconfirmed,,https://open.canada.ca/data/en/dataset/98f1a129-f628-4ce4-b24d-6f16bf24dd64/resource/0b0f5a42-b00b-4b6a-9185-4d4de1424801,,rncan_bev,rncan_bev_2012_2026_en,0b0f5a42-b00b-4b6a-9185-4d4de1424801,44425,TESLA,MODEL Y PERFORMANCE,quebec_presence_unconfirmed;join_not_unique_or_absent,Spécification RNCan réelle; présence ou nombre d'immatriculations au Québec non confirmé au niveau de cette configuration.,2023_plus,BEV,phase=stratified_round_robin_fill;strata=vehicle_class_powertrain_era;confirmed_qc_within_stratum_first=TRUE;stable_hash_order=TRUE;target_n=64;manual_vehicle_selection=FALSE
vq_036f4ea7d74a23c850bf235e,1.0.0,canadian_market_specification_with_quebec_linkage_status,Volkswagen,Golf SportWagon TDI (modified),2015,Station wagon: Small,wagon,small,diesel,D,,diesel,2,4,,AM6,automated_manual,6,,,,unknown_core_sources,7.6,5.6,6.7,42,42,observed_rncan,,,,,,,,,,,180,,,,,,,,,,,,,,,,,not_attempted_no_verified_crosswalk_or_no_saaq_data,not_matched,,unconfirmed,,https://open.canada.ca/data/en/dataset/98f1a129-f628-4ce4-b24d-6f16bf24dd64/resource/c98b9dc8-b23f-4cd8-8b19-e892da1e4688,,rncan_standard,rncan_fcr_2015_2024_en,c98b9dc8-b23f-4cd8-8b19-e892da1e4688,11147,VOLKSWAGEN,GOLF SPORTWAGON TDI MODIFIED,quebec_presence_unconfirmed;join_not_unique_or_absent,Spécification RNCan réelle; présence ou nombre d'immatriculations au Québec non confirmé au niveau de cette configuration.,2015_2018,diesel,phase=stratified_round_robin_fill;strata=vehicle_class_powertrain_era;confirmed_qc_within_stratum_first=TRUE;stable_hash_order=TRUE;target_n=64;manual_vehicle_selection=FALSE
vq_0984f2baedf1483ca3cd1435,1.0.0,canadian_market_specification_with_quebec_linkage_status,Porsche,Cayenne S E-Hybrid,2015,Sport utility vehicle: Standard,suv,standard,plug_in_hybrid,B,Z,PHEV,3,6,71,A8,automatic,8,,,,unknown_core_sources,11.3,9.8,10.6,,26.649056603773587,derived_282.48_divided_by_combined_l_per_100km,,,43.2,,,,5,24,758,3,162,,,,,,,,,,,,,,,,,not_attempted_no_verified_crosswalk_or_no_saaq_data,not_matched,,unconfirmed,,https://open.canada.ca/data/en/dataset/98f1a129-f628-4ce4-b24d-6f16bf24dd64/resource/8812228b-a6aa-4303-b3d0-66489225120d,,rncan_phev,rncan_phev_2012_2026_en,8812228b-a6aa-4303-b3d0-66489225120d,6701,PORSCHE,CAYENNE S E HYBRID,quebec_presence_unconfirmed;join_not_unique_or_absent,Spécification RNCan réelle; présence ou nombre d'immatriculations au Québec non confirmé au niveau de cette configuration.,2015_2018,PHEV,phase=stratified_round_robin_fill;strata=vehicle_class_powertrain_era;confirmed_qc_within_stratum_first=TRUE;stable_hash_order=TRUE;target_n=64;manual_vehicle_selection=FALSE
vq_097138f45c6de850ab0a4121,1.0.0,canadian_market_specification_with_quebec_linkage_status,GMC,Yukon XL,2022,Sport utility vehicle: Standard,suv,standard,diesel,D,,diesel,3,6,,A10,automatic,10,,,,unknown_core_sources,11.2,8.7,10.1,28,28,observed_rncan,,,,,,,,,,,272,4,3,,,,,,,,,,,,,,,not_attempted_no_verified_crosswalk_or_no_saaq_data,not_matched,,unconfirmed,,https://open.canada.ca/data/en/dataset/98f1a129-f628-4ce4-b24d-6f16bf24dd64/resource/c98b9dc8-b23f-4cd8-8b19-e892da1e4688,,rncan_standard,rncan_fcr_2015_2024_en,c98b9dc8-b23f-4cd8-8b19-e892da1e4688,17862,GMC,YUKON XL,quebec_presence_unconfirmed;join_not_unique_or_absent,Spécification RNCan réelle; présence ou nombre d'immatriculations au Québec non confirmé au niveau de cette configuration.,2019_2022,diesel,phase=stratified_round_robin_fill;strata=vehicle_class_powertrain_era;confirmed_qc_within_stratum_first=TRUE;stable_hash_order=TRUE;target_n=64;manual_vehicle_selection=FALSE
vq_1c73b78eb2ca3452fefa22e6,1.0.0,canadian_market_specification_with_quebec_linkage_status,Chrysler,Pacifica Hybrid,2024,Minivan,van,,plug_in_hybrid,B X,X,PHEV,3.6,6,89,AV,continuously_variable,,,,,unknown_core_sources,8,7.9,8,,35.31,derived_282.48_divided_by_combined_l_per_100km,,,25.8,0,,,2.9,51,784,2,74,9,7,,,,,,,,,,,,,,,not_attempted_no_verified_crosswalk_or_no_saaq_data,not_matched,,unconfirmed,,https://open.canada.ca/data/en/dataset/98f1a129-f628-4ce4-b24d-6f16bf24dd64/resource/8812228b-a6aa-4303-b3d0-66489225120d,,rncan_phev,rncan_phev_2012_2026_en,8812228b-a6aa-4303-b3d0-66489225120d,6946,CHRYSLER,PACIFICA HYBRID,quebec_presence_unconfirmed;join_not_unique_or_absent,Spécification RNCan réelle; présence ou nombre d'immatriculations au Québec non confirmé au niveau de cette configuration.,2023_plus,PHEV,phase=stratified_round_robin_fill;strata=vehicle_class_powertrain_era;confirmed_qc_within_stratum_first=TRUE;stable_hash_order=TRUE;target_n=64;manual_vehicle_selection=FALSE
