code,label_fr,valid_from_snapshot_year,source_url,notes
A,Autre,2017,https://www.donneesquebec.ca/recherche/dataset/4aea7984-10ec-4d4f-80e4-5bb9a0006996/resource/00ea3ac1-da3c-4ece-aa8c-a2e88529447b/download/vehicules-circulation-documentation.pdf,
C,Hydrogène,2017,https://www.donneesquebec.ca/recherche/dataset/4aea7984-10ec-4d4f-80e4-5bb9a0006996/resource/00ea3ac1-da3c-4ece-aa8c-a2e88529447b/download/vehicules-circulation-documentation.pdf,
D,Diésel,2017,https://www.donneesquebec.ca/recherche/dataset/4aea7984-10ec-4d4f-80e4-5bb9a0006996/resource/00ea3ac1-da3c-4ece-aa8c-a2e88529447b/download/vehicules-circulation-documentation.pdf,
E,Essence,2017,https://www.donneesquebec.ca/recherche/dataset/4aea7984-10ec-4d4f-80e4-5bb9a0006996/resource/00ea3ac1-da3c-4ece-aa8c-a2e88529447b/download/vehicules-circulation-documentation.pdf,
H,Hybride,2017,https://www.donneesquebec.ca/recherche/dataset/4aea7984-10ec-4d4f-80e4-5bb9a0006996/resource/00ea3ac1-da3c-4ece-aa8c-a2e88529447b/download/vehicules-circulation-documentation.pdf,
L,Électricité,2017,https://www.donneesquebec.ca/recherche/dataset/4aea7984-10ec-4d4f-80e4-5bb9a0006996/resource/00ea3ac1-da3c-4ece-aa8c-a2e88529447b/download/vehicules-circulation-documentation.pdf,
M,Méthanol,2017,https://www.donneesquebec.ca/recherche/dataset/4aea7984-10ec-4d4f-80e4-5bb9a0006996/resource/00ea3ac1-da3c-4ece-aa8c-a2e88529447b/download/vehicules-circulation-documentation.pdf,
N,Gaz naturel,2017,https://www.donneesquebec.ca/recherche/dataset/4aea7984-10ec-4d4f-80e4-5bb9a0006996/resource/00ea3ac1-da3c-4ece-aa8c-a2e88529447b/download/vehicules-circulation-documentation.pdf,
P,Propane,2017,https://www.donneesquebec.ca/recherche/dataset/4aea7984-10ec-4d4f-80e4-5bb9a0006996/resource/00ea3ac1-da3c-4ece-aa8c-a2e88529447b/download/vehicules-circulation-documentation.pdf,
S,Non-propulsé,2017,https://www.donneesquebec.ca/recherche/dataset/4aea7984-10ec-4d4f-80e4-5bb9a0006996/resource/00ea3ac1-da3c-4ece-aa8c-a2e88529447b/download/vehicules-circulation-documentation.pdf,
T,Éthanol,2017,https://www.donneesquebec.ca/recherche/dataset/4aea7984-10ec-4d4f-80e4-5bb9a0006996/resource/00ea3ac1-da3c-4ece-aa8c-a2e88529447b/download/vehicules-circulation-documentation.pdf,
W,Hybride branchable,2017,https://www.donneesquebec.ca/recherche/dataset/4aea7984-10ec-4d4f-80e4-5bb9a0006996/resource/00ea3ac1-da3c-4ece-aa8c-a2e88529447b/download/vehicules-circulation-documentation.pdf,
,Non précisé,2017,https://www.donneesquebec.ca/recherche/dataset/4aea7984-10ec-4d4f-80e4-5bb9a0006996/resource/00ea3ac1-da3c-4ece-aa8c-a2e88529447b/download/vehicules-circulation-documentation.pdf,
